Title,Year
Black Mirror: Bête Noire,2025
Black Mirror: Beyond the Sea,2023
Black Mirror: The Waldo Moment,2013
Black Mirror: Fifteen Million Merits,2011
Black Mirror: The National Anthem,2011
Black Mirror: Loch Henry,2023
Black Mirror: Joan Is Awful,2023
Black Mirror: Be Right Back,2013
Black Mirror: Loch Henry,2023
Black Mirror: Mazey Day,2023
Black Mirror: Demon 79,2023
Black Mirror: Eulogy,2025
Black Mirror: USS Callister – Into Infinity,2025
Black Mirror: Plaything,2025
Black Mirror: Bête Noire,2025
Black Mirror: Hotel Reverie,2025
Sherlock: A Study in Pink,2010
Sherlock: The Blind Banker,2010
Sherlock: The Great Game,2010
Sherlock: A Scandal in Belgravia,2012
Sherlock: The Hounds of Baskerville,2012
Sherlock: The Reichenbach Fall,2012
Sherlock: The Empty Hearse,2014
Sherlock: The Sign of Three,2014
Sherlock: His Last Vow,2014
Sherlock: The Six Thatchers,2017
Sherlock: The Lying Detective,2017
Sherlock: The Final Problem,2017
Sherlock: The Abominable Bride,2016
Black Mirror: The National Anthem,2011
Black Mirror: Fifteen Million Merits,2011
Black Mirror: The Entire History of You,2011
Black Mirror: Be Right Back,2013
Black Mirror: White Bear,2013
Black Mirror: The Waldo Moment,2013
Black Mirror: White Christmas,2014
Black Mirror: Nosedive,2016
Black Mirror: Playtest,2016
Black Mirror: Shut Up and Dance,2016
Black Mirror: San Junipero,2016
Black Mirror: Men Against Fire,2016
Black Mirror: Hated in the Nation,2016
Black Mirror: USS Callister,2017
Black Mirror: Arkangel,2017
Black Mirror: Crocodile,2017
Black Mirror: Hang the DJ,2017
Black Mirror: Metalhead,2017
Black Mirror: Black Museum,2017
Black Mirror: Striking Vipers,2019
Black Mirror: Smithereens,2019
"Black Mirror: Rachel, Jack and Ashley Too",2019
"Love, Death & Robots: Alternate Histories",2019
"Love, Death & Robots: Shape-Shifters",2019
"Love, Death & Robots: Beyond the Aquila Rift",2019
Sherlock: The Reichenbach Fall,2012
Sherlock: A Study in Pink,2010
Sherlock: The Hounds of Baskerville,2012
Sherlock: The Great Game,2010
Sherlock: The Blind Banker,2010
Sherlock: A Scandal in Belgravia,2012
"Love, Death & Robots: Snow in the Desert",2021
"Love, Death & Robots: The Tall Grass",2021
"Love, Death & Robots: The Drowned Giant",2021
"Love, Death & Robots: Life Hutch",2021
"Love, Death & Robots: Pop Squad",2021
"Love, Death & Robots: Automated Customer Service",2021
"Love, Death & Robots: Ice",2021
"Love, Death & Robots: All Through the House",2021
"Love, Death & Robots: Jibaro",2022
"Love, Death & Robots: In Vaulted Halls Entombed",2022
"Love, Death & Robots: Mason's Rats",2022
"Love, Death & Robots: Bad Travelling",2022
"Love, Death & Robots: Three Robots: Exit Strategies",2022
"Love, Death & Robots: Night of the Mini Dead",2022
"Love, Death & Robots: Swarm",2022
"Love, Death & Robots: Sucker of Souls",2019
"Love, Death & Robots: Good Hunting",2019
"Love, Death & Robots: Kill Team Kill",2022
"Love, Death & Robots: Suits",2019
"Love, Death & Robots: The Dump",2019
"Love, Death & Robots: The Very Pulse of the Machine",2022
"Love, Death & Robots: When the Yogurt Took Over",2019
"Love, Death & Robots: Beyond the Aquila Rift",2019
"Love, Death & Robots: Three Robots",2019
"Love, Death & Robots: The Witness",2019
"Love, Death & Robots: Sonnie's Edge",2019
"Love, Death & Robots: Helping Hand",2019
"Love, Death & Robots: Shape-Shifters",2019
"Love, Death & Robots: Lucky 13",2019
"Love, Death & Robots: Fish Night",2019
"Love, Death & Robots: Zima Blue",2019
"Love, Death & Robots: Blindspot",2019
"Love, Death & Robots: Ice Age",2019
"Love, Death & Robots: Alternate Histories",2019
"Love, Death & Robots: The Secret War",2019
JoJo’s Bizarre Adventure: Battle Tendency,2012
JoJo's Bizarre Adventure: Stardust Crusaders,2014
JoJo's Bizarre Adventure: Diamond is Unbreakable,2016
JoJo's Bizarre Adventure: Golden Wind,2018
JoJo's Bizarre Adventure: Stone Ocean,2021
Star Trek: The Next Generation - The Best of Both Worlds,1990
Star Trek: The Next Generation - Redemption,1991
Star Trek: The Next Generation - Encounter at Farpoint,1987
I Am Groot: Are You My Groot?,2023
I Am Groot: Groot's Sweet Treat,2023
I Am Groot: Groot and the Great Prophecy,2023
I Am Groot: Groot's Snow Day,2023
Forky Asks a Question: What Is Art?,2019
Forky Asks a Question: What Is Money?,2019
Forky Asks a Question: What Is Love?,2019
Forky Asks a Question: What Is a Friend?,2019
Forky Asks a Question: What Is Time?,2019
Forky Asks a Question: What Is a Computer?,2019
Forky Asks a Question: What Is a Leader?,2019
Forky Asks a Question: What Is a Pet?,2019
Forky Asks a Question: What Is Cheese?,2020
Forky Asks a Question: What Is Reading?,2020
Pixar Popcorn: To Fitness and Beyond,2021
Pixar Popcorn: Unparalleled Parking,2021
Pixar Popcorn: Dory Finding,2021
Pixar Popcorn: Soul of the City,2021
Pixar Popcorn: Fluffy Stuff with Ducky & Bunny: Love,2021
Pixar Popcorn: Chore Day - The Incredibles Way,2021
Pixar Popcorn: A Day in the Life of the Dead,2021
Pixar Popcorn: Fluffy Stuff with Ducky & Bunny: Three Heads,2021
Pixar Popcorn: Dancing with the Cars,2021
Pixar Popcorn: Cookie Num Num,2021
Star Wars: Visions – The Duel,2021
Star Wars: Visions – Tatooine Rhapsody,2021
Star Wars: Visions – The Twins,2021
Star Wars: Visions – The Village Bride,2021
Star Wars: Visions – The Ninth Jedi,2021
Star Wars: Visions – T0-B1,2021
Star Wars: Visions – The Elder,2021
Star Wars: Visions – Lop & Ochō,2021
Star Wars: Visions – Akakiri,2021
Star Wars: Visions – Sith,2023
Star Wars: Visions – Screecher's Reach,2023
Star Wars: Visions – In the Stars,2023
Star Wars: Visions – I Am Your Mother,2023
Star Wars: Visions – Journey to the Dark Head,2023
Star Wars: Visions – The Spy Dancer,2023
Star Wars: Visions – The Bandits of Golak,2023
Star Wars: Visions – The Pit,2023
Star Wars: Visions – Aau's Song,2023
Black Mirror: The National Anthem,2011
Black Mirror: Fifteen Million Merits,2011
Black Mirror: The Entire History of You,2011
Black Mirror: Be Right Back,2013
Black Mirror: White Bear,2013
Black Mirror: The Waldo Moment,2013
Black Mirror: White Christmas,2014
Black Mirror: Nosedive,2016
Black Mirror: Playtest,2016
Black Mirror: Shut Up and Dance,2016
Black Mirror: San Junipero,2016
Black Mirror: Men Against Fire,2016
Black Mirror: Hated in the Nation,2016
Black Mirror: USS Callister,2017
Black Mirror: Arkangel,2017
Black Mirror: Crocodile,2017
Black Mirror: Hang the DJ,2017
Black Mirror: Metalhead,2017
Black Mirror: Black Museum,2017
Black Mirror: Striking Vipers,2019
Black Mirror: Smithereens,2019
"Black Mirror: Rachel, Jack and Ashley Too",2019
Black Mirror: Joan Is Awful,2023
Black Mirror: Loch Henry,2023
Black Mirror: Beyond the Sea,2023
Black Mirror: Mazey Day,2023
Black Mirror: Demon 79,2023
Black Mirror: Common People,2025
Black Mirror: Bête Noire,2025
Black Mirror: Plaything,2025
Black Mirror: Hotel Reverie,2025
Black Mirror: Eulogy,2025
Black Mirror: USS Callister – Into Infinity,2025
Sherlock: A Study in Pink (Unaired Pilot),2011
JoJo's Bizarre Adventure: Phantom Blood,2012
The Sarah Jane Adventures: The Nightmare Man,2010
The Sarah Jane Adventures: Eye of the Gorgon,2007
The Sarah Jane Adventures: The Mad Woman in the Attic,2009
The Sarah Jane Adventures: The Empty Planet,2010
The Sarah Jane Adventures: Death of the Doctor,2010
The Sarah Jane Adventures: The Wedding of Sarah Jane Smith,2009
The Sarah Jane Adventures: Sky,2011
The Sarah Jane Adventures: The Man Who Never Was,2011
The Sarah Jane Adventures: The Curse of Clyde Langer,2011
"The Sarah Jane Adventures: Goodbye, Sarah Jane Smith",2010
The Sarah Jane Adventures: Day of the Clown,2008
The Sarah Jane Adventures: The Vault of Secrets,2010
"Well, Just You Wait! 4",1971
"Well, Just You Wait! 8",1974
"Well, Just You Wait! 3",1971
"Well, Just You Wait! 5",1972
"Well, Just You Wait! 9",1976
"Well, Just You Wait!  7",1973
"Well, Just You Wait! 16",1986
"Well, Just You Wait! 13",1980
"Well, Just You Wait! 15",1985
"Well, Just You Wait! 11",1977
"Well, Just You Wait! 12",1978
"Well, Just You Wait!",1976
Doctor Who: The Great Detective,2012
Doctor Who: Attack of the Graske,2005
Doctor Who: Hello Boys!,2019
Doctor Who: The Bedtime Story,2023
Doctor Who: Wild Blue Yonder,2023
Doctor Who: The Runaway Bride,2006
The Sarah Jane Adventures: From Raxacoricofallapatorius with Love,2009
Doctor Who: Friend from the Future,2016
Doctor Who: The Church on Ruby Road,2023
Doctor Who:The End of Time: Part Two,2010
Doctor Who: The Trial,2019
Doctor Who: Home Assistant,2020
Doctor Who: The Curse of the Black Spot Prequel,2011
Doctor Who: The Storyteller,2022
Doctor Who: Joy to the World,2024
Doctor Who: The Christmas Invasion,2005
Doctor Who: Pond Life,2012
Doctor Who: Meanwhile in the TARDIS: Part 1,2010
Doctor Who: Meanwhile in the TARDIS: Part 2,2010
Doctor Who - Night and the Doctor: Bad Night,2012
Doctor Who - Night and the Doctor: Good Night,2012
Doctor Who - Night and The Doctor: Last Night,2012
Doctor Who - Night and the Doctor: First Night,2012
Doctor Who: The Woman Who Fell to Earth,2018
Doctor Who: The End of Time,2009
Doctor Who: Horror of Fang Rock,1977
Doctor Who: The Talons of Weng-Chiang,1977
Doctor Who: The Robots of Death,1977
Doctor Who: Planet of the Daleks,1973
Doctor Who: Carnival of Monsters,1973
Doctor Who: The Three Doctors,1973
Doctor Who: The Sea Devils,1972
Doctor Who: The Sensorites,1964
Doctor Who: The Claws of Axos,1971
Doctor Who: Terror of the Autons,1971
Doctor Who: The Reign of Terror,1964
Doctor Who: The Aztecs,1964
Doctor Who: The Keys of Marinus,1964
Doctor Who: Marco Polo,1964
Doctor Who: The Daleks,1964
Doctor Who: An Unearthly Child,1963
Doctor Who: Spearhead from Space,1970
Doctor Who: The War Games,1969
Doctor Who: The Rescue,1965
Doctor Who: The Dalek Invasion of Earth,1964
Doctor Who: Inferno,1970
Doctor Who and the Silurians,1970
Doctor Who: Planet of Giants,1964
Doctor Who: Survival,1989
Doctor Who: The Curse of Fenric,1989
Doctor Who: Ghost Light,1989
Doctor Who: Earthshock,1982
Doctor Who: Castrovalva,1982
Doctor Who: Logopolis,1981
Doctor Who: The Brain of Morbius,1976
Doctor Who: Pyramids of Mars,1975
Doctor Who: Terror of the Zygons,1975
Doctor Who: Revenge of the Cybermen,1975
Himitsu Sentai Gorenger: The Movie,1975
Doctor Who: The Sontaran Experiment,1975
Doctor Who: The Ark in Space,1975
Doctor Who: Robot,1975
Doctor Who: The Invasion,1968
Doctor Who: The Web of Fear,1968
Doctor Who: The Enemy of the World,1968
Doctor Who: The Tomb of the Cybermen,1967
Doctor Who: The Macra Terror,1967
Doctor Who: The Power of the Daleks,1966
Doctor Who: The Tenth Planet,1966
Doctor Who: The Time Meddler,1965
Doctor Who: The Chase,1965
Doctor Who: The Web Planet,1965
Doctor Who: The Romans,1965
Doctor Who: The Green Death,1973
"Love, Death & Robots: Can't Stop",2025
"Love, Death & Robots: Spider Rose",2025
"Love, Death & Robots: Close Encounters of the Mini Kind",2025
"Love, Death & Robots: 400 Boys",2025
"Love, Death & Robots: The Other Large Thing",2025
"Love, Death & Robots: The Screaming of the Tyrannosaur",2025
"Love, Death & Robots: Golgotha",2025
"Love, Death & Robots: How Zeke Got Religion",2025
"Love, Death & Robots: Smart Appliances, Stupid Owners",2025
"Love, Death & Robots: For He Can Creep",2025
Secret Level - Dungeons & Dragons: The Queen's Cradle,2024
Secret Level - Sifu: It Takes a Life,2024
Secret Level - New World: The Once and Future King,2024
Secret Level - Unreal Tournament: Xan,2024
"Secret Level - Warhammer 40,000: And They Shall Know No Fear",2024
Secret Level - PAC-MAN: Circle,2024
Secret Level - Crossfire: Good Conflict,2024
Secret Level - Armored Core: Asset Management,2024
Secret Level - The Outer Worlds: The Company We Keep,2024
Secret Level - Mega Man: Start,2024
Secret Level - Exodus: Odyssey,2024
Secret Level - Spelunky: Tally,2024
Secret Level - Concord: Tale of the Implacable,2024
Secret Level - Honor of Kings: The Way of All Things,2024
Secret Level - Playtime: Fulfillment,2024
Stranger Things 5: The Finale,2025
DAHMER - Monster: The Jeffrey Dahmer Story,2022
National Theatre Live: The Tragedy of King Richard the Second,2019
National Theatre Live: The Fifth Step,2025
National Theatre Live: The Last of the Haussmans,2012
National Theatre Live: Angels In America — Part One: Millennium Approaches,2017
National Theatre Live: Constellations,2021
National Theatre Live: Under Milk Wood,2021
National Theatre Live: Treasure Island,2015
National Theatre Live: This House,2013
National Theatre Live: Coriolanus,2014
"Top Gear - Planes, Trains and Automobiles",2019
Top Gear: US Special 2008,2007
Top Gear: Supercars Across Italy,2012
Top Gear: The Big Send Off Special,2015
Top Gear: The Challenges 5,2011
Top Gear: Greatest Hits,2015
Top Gear: Winter Blunderland,2018
Top Gear: Romania Special,2010
Top Ground Gear Force,2008
Top Gear: Winter Olympics Special,2006
Top Gear: The Great Adventures 1,2007
The Grand Tour: Eurocrash,2023
The Grand Tour: A Scandi Flick,2022
The Grand Tour: Sand Job,2024
The Grand Tour: One For The Road,2024
The Grand Tour Presents: A Massive Hunt,2020
Top Gear: The Great African Adventure,2013
The Grand Tour Presents: Carnage A Trois,2021
The Grand Tour Presents: Seamen,2019
The Grand Tour Presents: Lochdown,2021
Top Gear: The Great Adventures 2,2008
Top Gear: Botswana Special,2007
Top Gear: Patagonia Special,2014
Top Gear: Polar Special,2007
Top Gear: The U.S. Special,2011
Top Gear: 50 Years of Bond Cars,2012
Top Gear: Australian Road Trip,2015
Top Gear - Albania Special,2011
Top Gear Burma Special,2014
Top Gear: The Challenges 3,2009
Top Gear: The Challenges 2,2008
Top Gear: The Challenges,2007